	Androgen	EGFR	Estrogen	Hypoxia	JAK-STAT	MAPK	NFkB	PI3K	TGFb	TNFa	Trail	VEGF	WNT	p53
C32 | Binimetinib	0.5253515465106706	-15.161165314406022	-2.4219120788718875	-1.2712133192770785	4.415859203448239	-22.30152487669856	0.02052485324401157	-6.195371758129659	-3.9370295993011544	-0.15024871165856	0.16982672887464484	-3.2546156198497913	0.7563608399043837	-0.45806721347252854
C32 | Cobimetinib	-0.6541850397068797	-12.254813047366044	-2.0597151262956213	-2.071158662954369	2.3817907753555962	-18.12600551197274	-4.821652365110531	-1.940002861603732	-2.1399667319841456	-4.603556376752318	-0.06198043736965175	-0.34501051299850016	1.1108140243365259	0.4628485573042007
C32 | Dabrafenib	0.5242809221884153	-12.868780822400348	-1.0636181636225077	-3.238862755745999	-0.8927883645217377	-16.43213226358238	-3.930414158653917	-2.8480948057565905	0.30309316655206303	-4.61468301464482	-0.4726241729660013	-0.4802419696624209	0.9686595251364795	-3.2335213123431172
C32 | Encorafenib	-0.7585240385263003	-14.944046755293428	-0.8605245268929586	-4.549999548156739	0.9183851899629007	-17.053966593646773	-7.562236175782983	-2.916026462471927	-1.7009163519380412	-7.521141794517301	-1.783423481008963	-1.173475579825312	-1.492460013999737	-1.5306999182237366
C32 | TAK-733	-0.7634825958451465	-0.8278349034844769	2.769965834108381	-7.259310308551124	2.0814117125927574	-0.6459964037834003	-4.818725074196642	6.30390204353393	-2.9332745753694285	-4.450033444105794	-2.3641624859659056	1.9085505909358071	1.9862623010601979	-3.8829963549339204
C32 | Trametinib	0.7859563733603935	-17.435882952812992	-2.048712358037006	-2.532908116739319	0.037603515369048546	-21.88419789094821	-3.716758991645964	-5.798635916743856	-2.686704544419296	-3.482421310988243	0.33936031538989303	-1.1557141842270304	0.650053710733913	2.2766706132348933
C32 | Vemurafenib	-0.3677349771342083	-10.868399575312655	-1.2816058594524973	-3.3898672874928284	1.3643133770345148	-12.085704220461286	-2.2150915125601007	-3.776422222902372	-2.45467146191082	-1.8687195654227517	-0.09315481006468322	-1.449912759676178	0.5030832681668505	-3.705861213932323
LOX-IMVI | Binimetinib	-0.5961225071622107	-7.331132350985316	-2.399346624755079	8.225254422250565	9.23422470188575	-13.487134418200293	6.731654741993545	-3.0066042915778524	3.659726623565546	5.319189699877267	1.14924105607169	-1.8755730473795038	-2.2491548601175126	7.073625818246343
LOX-IMVI | Cobimetinib	-0.8264342842026582	-11.585937058746381	-2.3495414253736286	7.0872002554692575	9.88471955802284	-15.07596205430551	4.623973855105833	0.41471936950196475	-0.16740927705502107	3.068309583812907	-1.8098228195094583	-0.8263112635890737	-1.6131010089686562	1.2836613903077811
LOX-IMVI | Dabrafenib	-0.233070625966858	-3.9063671787272423	-0.822338564128748	-0.6741301962641467	-6.936367570060615	-0.9607256919160223	-5.512160689609431	-0.5361821543729437	0.6768323417123117	-5.661129834610335	-2.3817367863982706	0.6140065143355192	-1.9844925465206888	1.637592848336449
LOX-IMVI | Encorafenib	-0.43230525066021236	-5.197355388757879	-1.7163462273382641	1.1230314425462042	-0.6108444117812335	-4.3496949720656195	-5.5386504648138875	-1.1502593345824643	1.2410903764984587	-6.477619872304017	-1.4781018406804405	1.553696833847036	-0.7999731593914384	1.754216861184029
LOX-IMVI | TAK-733	-2.2978438557186727	5.209754031131649	1.40136526724141	-4.345489736615049	0.6683443362834511	5.007149173069046	-3.5556144552285502	9.063729255523146	-2.0892017381956416	-4.453123965311696	-1.8807872523420546	2.4829909740439113	0.6011285689080355	-3.0575656248852177
LOX-IMVI | Trametinib	-1.2656954215903908	-14.512310834115468	-2.779458034789099	8.51968599781333	3.8575917219809326	-19.963369385193896	2.0979614558480675	-2.04392431252268	0.7686097063942675	1.0767361888796747	0.31352785829549995	-1.821402274465722	-1.9716067814096316	4.054521794980979
LOX-IMVI | Vemurafenib	-1.2607585652126847	-5.744244449873548	0.30617694486227015	-0.2354399511775149	-0.8494906532274142	-4.771210443075042	-5.269768440851862	-1.1517470330646598	-0.798308705213315	-5.734520510236431	-0.8049151876583516	0.8310532585401385	-0.7106509201500917	2.5013145238731744
RPMI-7951 | Binimetinib	-1.1227942101629074	-8.504444501306773	-1.8725374750772301	0.45621314496342497	10.662991223854485	-11.735496492608076	-1.3136118080421986	-1.0985179403933056	0.8181454149865746	-0.9362218894327893	0.43104227587570554	-2.520074653903914	2.363052328239653	-0.32167404482806483
RPMI-7951 | Cobimetinib	1.3915370144992212	-10.294306171527657	-1.5869564120290436	3.2452171442738145	7.381965612568453	-13.71503000995183	-0.7206827174689615	1.4945120269828993	-0.086460667541101	-0.07381779924620936	1.820142989003107	-1.7784625222328128	3.0281302172381657	1.1300430389022487
RPMI-7951 | Dabrafenib	-1.9638652989584786	-6.344116314352683	-0.786043541940059	-3.0174899390081524	-0.7961387771078341	-4.4012536401393385	-3.036690731392578	0.49779811566459287	-0.6500207730407699	-2.476237599160142	-2.3731666021298645	0.041645579542355	-1.824803815241359	-0.7880695181353428
RPMI-7951 | Encorafenib	-0.16568382352535405	-6.489947388114014	-0.005952943800162901	-3.231566892636196	6.509298012125376	-5.1842828655816815	-3.7398968624017472	1.8428839814814457	-2.044775378578875	-3.705109991467486	-1.2943752881728836	1.0725412574676505	-0.8618805635043947	-0.8922644932644025
RPMI-7951 | TAK-733	-1.027031359232205	-0.08146343580545228	0.6342020728828841	-4.027240241313955	-0.8088727575448945	0.6624561073076789	-5.52725734081116	4.25495074352276	-0.9553567177660252	-5.32737946663467	-1.1849369281686915	2.250725622469961	2.749307741685137	-2.543825032752704
RPMI-7951 | Trametinib	-1.0913367717186915	-16.20516575566836	-1.799626945024675	1.4974401060614029	6.793696722120451	-21.31732812945241	-3.008896487977438	-2.063598374080621	-0.9153966842971624	-3.4835238087609994	-1.3184185336240561	-2.0002361196915732	-2.370846402533684	0.30090704430027204
RPMI-7951 | Vemurafenib	-1.0576846766582784	-4.915404948383013	-0.7848877115784547	-2.2585834636380326	3.4750547906677864	-4.737381082358708	-3.7787157804051708	-0.2787400645125701	-0.6469801237611758	-3.746334890180586	0.29471990775353146	0.8022268500252906	1.3630310269199197	-0.5032496689379001
SK-MEL-2 | Binimetinib	-0.8730262084725842	-14.0809223697816	-0.8639068011134154	0.9266537505844574	6.026952568521071	-21.95162858331746	-4.42319265445034	-4.781030658138354	-0.9307902856674941	-4.415112792517716	1.239936850798077	-1.8835789794826514	-2.438804364614039	1.9038122108241384
SK-MEL-2 | Cobimetinib	1.1462142097355683	-15.002533999047726	-2.3503154571743816	0.8847630592413136	6.221812976623276	-18.831811267694494	-5.240514905986234	-4.29723332961944	-2.3668551372067896	-5.236288615296376	0.04337310908627995	-1.9797867558106534	-3.786548926739276	0.4469165142698229
SK-MEL-2 | Dabrafenib	1.0779254615735636	-2.3944609697297645	2.10798966304743	-1.7490641645145149	-3.725716011729092	0.24640660164592904	-2.247280127379235	0.9899841054306793	-0.791585935382523	-1.9851577138824505	-2.0131335289562955	-1.4614335893162633	-0.44569175149692036	-1.381085652573591
SK-MEL-2 | Encorafenib	0.9096872351602671	-9.61330841405957	-0.3937817752289639	-1.1374376770914612	5.0168598605895545	-10.396411682065214	-3.3136328156992323	-0.7292388816086863	-0.08374090933160859	-3.961381096308245	-0.9679003755293121	-3.3512935197240368	-1.3189822848414117	-1.2028785534271254
SK-MEL-2 | TAK-733	-0.9577005614617344	-0.8228004566878924	0.957072580729546	-5.169388918004809	2.5419147701447242	-0.41329202236621476	-4.408936693958568	5.647634962150186	-1.878094200572446	-4.515058130860527	-1.9185450374256592	-1.0455382832816165	2.6144867794665547	-0.7214186604505808
SK-MEL-2 | Trametinib	-1.002902782508735	-19.628819427224347	-3.374897164331981	0.5958697372420122	2.494592537557482	-26.24235534988173	-6.557965006322774	-5.288949857128121	-2.2857323080780376	-6.744449089081557	-0.5732817474152838	-4.451923158245614	-1.4200900369273284	0.9352338639475541
SK-MEL-2 | Vemurafenib	1.2463517456012485	-2.603206513037787	0.8469107664687773	0.5093785948528455	3.4999300562979654	-0.7883064854996373	0.8188884536901951	-1.7939505079745006	-0.2868412676319062	0.5081313878531208	-0.6636413880189167	-0.3397272644714014	-0.33936381963463336	-1.4906592886697085
A375 [array 2013] Vemurafenib	0.41642441367300637	-21.47305137879787	-7.11360495864064	3.2662400494677573	6.242114380567599	-38.8983707060056	-2.918051085192907	-13.761403864093687	1.2206714970192043	-3.0749522816645576	2.2774557128799118	-4.782288821561933	-2.715925318289678	16.173210628546293
