cell	genotype	drug	drug_class	concentration	n_genes	spearman_rho	p_value	sign_agreement	p_empirical
SK-MEL-2	BRAF-WT (NRAS)	Trametinib	MEK inhibitor	0.5	192	0.6411640064072301	1.2776101096917633e-23	0.796875	0.0004997501249375312
SK-MEL-2	BRAF-WT (NRAS)	Cobimetinib	MEK inhibitor	0.5	192	0.6238185239173836	4.239037189018671e-22	0.7760416666666666	0.0004997501249375312
C32	BRAF-V600E	Binimetinib	MEK inhibitor	0.5	192	0.5700295689444701	6.157786988805596e-18	0.78125	0.0004997501249375312
SK-MEL-2	BRAF-WT (NRAS)	Binimetinib	MEK inhibitor	0.5	193	0.55826534968479	3.306379633160913e-17	0.7512953367875648	0.0004997501249375312
SK-MEL-2	BRAF-WT (NRAS)	Cobimetinib	MEK inhibitor	5.0	187	0.5365181594091157	2.4852935832018495e-15	0.732620320855615	0.0004997501249375312
C32	BRAF-V600E	Dabrafenib	RAF inhibitor	5.0	186	0.5311398398705591	6.2421233126693364e-15	0.7473118279569892	0.0004997501249375312
SK-MEL-2	BRAF-WT (NRAS)	Binimetinib	MEK inhibitor	5.0	192	0.522385769550755	7.768816474246077e-15	0.7083333333333334	0.0004997501249375312
C32	BRAF-V600E	Encorafenib	RAF inhibitor	5.0	185	0.5102900859428451	1.173019082733567e-13	0.7621621621621621	0.0004997501249375312
C32	BRAF-V600E	Cobimetinib	MEK inhibitor	0.5	187	0.5049984630703104	1.7026586034401614e-13	0.7379679144385026	0.0004997501249375312
C32	BRAF-V600E	Trametinib	MEK inhibitor	5.0	192	0.5035115315324332	9.773967160083735e-14	0.6875	0.0004997501249375312
C32	BRAF-V600E	Binimetinib	MEK inhibitor	0.05000000074505806	192	0.4881404152455201	6.870580194762251e-13	0.703125	0.0004997501249375312
C32	BRAF-V600E	Cobimetinib	MEK inhibitor	5.0	184	0.4853536939478901	2.8955001480362696e-12	0.7228260869565217	0.0004997501249375312
C32	BRAF-V600E	Trametinib	MEK inhibitor	0.5	191	0.46703485250540483	9.719421033140311e-12	0.6701570680628273	0.0004997501249375312
SK-MEL-2	BRAF-WT (NRAS)	Trametinib	MEK inhibitor	5.0	192	0.45960334515939083	2.0023823629533404e-11	0.71875	0.0004997501249375312
SK-MEL-2	BRAF-WT (NRAS)	Binimetinib	MEK inhibitor	0.05000000074505806	191	0.45169373741755026	5.42886772758134e-11	0.6701570680628273	0.0004997501249375312
C32	BRAF-V600E	Binimetinib	MEK inhibitor	5.0	189	0.448321786203736	9.854966466451298e-11	0.6984126984126984	0.0004997501249375312
SK-MEL-2	BRAF-WT (NRAS)	Encorafenib	RAF inhibitor	5.0	186	0.4425205954617719	2.5478346399685455e-10	0.7419354838709677	0.0004997501249375312
RPMI-7951	BRAF-V600E	Trametinib	MEK inhibitor	0.5	189	0.425473446681216	1.0408723993706093e-09	0.6666666666666666	0.0004997501249375312
RPMI-7951	BRAF-V600E	Trametinib	MEK inhibitor	5.0	191	0.42216294770189056	1.1804725029038861e-09	0.6858638743455497	0.0004997501249375312
C32	BRAF-V600E	Vemurafenib	RAF inhibitor	5.0	184	0.4213415371220159	2.58426039794341e-09	0.6739130434782609	0.0004997501249375312
C32	BRAF-V600E	Cobimetinib	MEK inhibitor	0.05000000074505806	183	0.4175424571436578	4.0891601798123544e-09	0.6885245901639344	0.0004997501249375312
LOX-IMVI	BRAF-V600E	Cobimetinib	MEK inhibitor	5.0	187	0.4153225380985924	3.4100483416511082e-09	0.6417112299465241	0.0004997501249375312
LOX-IMVI	BRAF-V600E	Trametinib	MEK inhibitor	0.5	191	0.41077434118985806	3.5836201754465354e-09	0.6649214659685864	0.0004997501249375312
LOX-IMVI	BRAF-V600E	Binimetinib	MEK inhibitor	5.0	191	0.4076756946693193	4.813347513154263e-09	0.6596858638743456	0.0004997501249375312
RPMI-7951	BRAF-V600E	Cobimetinib	MEK inhibitor	5.0	183	0.39816188244324613	2.3795919619198188e-08	0.7103825136612022	0.0004997501249375312
LOX-IMVI	BRAF-V600E	Trametinib	MEK inhibitor	5.0	192	0.3936558908258697	1.6158606870134543e-08	0.671875	0.0004997501249375312
LOX-IMVI	BRAF-V600E	Cobimetinib	MEK inhibitor	0.5	188	0.3799410157357591	7.540856919958598e-08	0.7021276595744681	0.0004997501249375312
RPMI-7951	BRAF-V600E	Binimetinib	MEK inhibitor	5.0	190	0.3662096398847074	2.0341715897981568e-07	0.6157894736842106	0.0004997501249375312
SK-MEL-2	BRAF-WT (NRAS)	Vemurafenib	RAF inhibitor	0.5	191	0.3556585645402664	4.4389151254983367e-07	0.6544502617801047	0.0004997501249375312
RPMI-7951	BRAF-V600E	Cobimetinib	MEK inhibitor	0.5	188	0.35246741730515996	7.02440503247285e-07	0.675531914893617	0.0004997501249375312
C32	BRAF-V600E	Dabrafenib	RAF inhibitor	0.05000000074505806	188	0.3411196555578376	1.6638716471645012e-06	0.6808510638297872	0.0004997501249375312
LOX-IMVI	BRAF-V600E	Vemurafenib	RAF inhibitor	5.0	185	0.3344547212008643	3.272297234471292e-06	0.6378378378378379	0.0004997501249375312
C32	BRAF-V600E	Encorafenib	RAF inhibitor	0.05000000074505806	189	0.32719920368296634	4.316359845104549e-06	0.6507936507936508	0.0004997501249375312
LOX-IMVI	BRAF-V600E	Cobimetinib	MEK inhibitor	0.05000000074505806	185	0.3153920545402456	1.2263493480536817e-05	0.6324324324324324	0.0004997501249375312
RPMI-7951	BRAF-V600E	Encorafenib	RAF inhibitor	5.0	186	0.3003176864762166	3.1173251693507746e-05	0.6612903225806451	0.0004997501249375312
C32	BRAF-V600E	Vemurafenib	RAF inhibitor	0.5	191	0.2865441581702948	5.851514387071276e-05	0.6387434554973822	0.0004997501249375312
RPMI-7951	BRAF-V600E	Dabrafenib	RAF inhibitor	5.0	188	0.2383014036855006	0.000990518861265759	0.6117021276595744	0.001999000499750125
RPMI-7951	BRAF-V600E	Vemurafenib	RAF inhibitor	5.0	187	0.23736852617407866	0.0010713783347674527	0.6363636363636364	0.001999000499750125
SK-MEL-2	BRAF-WT (NRAS)	Trametinib	MEK inhibitor	0.05000000074505806	192	0.22834004527805501	0.0014450297948261775	0.609375	0.0014992503748125937
LOX-IMVI	BRAF-V600E	Encorafenib	RAF inhibitor	0.5	189	0.2282506874857695	0.0015835675820872214	0.5661375661375662	0.004497751124437781
SK-MEL-2	BRAF-WT (NRAS)	Cobimetinib	MEK inhibitor	0.05000000074505806	185	0.22641126796877986	0.0019417643347502467	0.6	0.001999000499750125
LOX-IMVI	BRAF-V600E	Vemurafenib	RAF inhibitor	0.5	192	0.2246650175399588	0.001731062103311808	0.5989583333333334	0.001999000499750125
SK-MEL-2	BRAF-WT (NRAS)	Vemurafenib	RAF inhibitor	0.05000000074505806	190	0.21360653536396929	0.0030847503248179306	0.5842105263157895	0.005497251374312844
LOX-IMVI	BRAF-V600E	Binimetinib	MEK inhibitor	0.05000000074505806	187	0.19982557000576961	0.00610735354018797	0.6363636363636364	0.005497251374312844
RPMI-7951	BRAF-V600E	Cobimetinib	MEK inhibitor	0.05000000074505806	182	0.18373068876717213	0.013036993638828966	0.6263736263736264	0.01699150424787606
C32	BRAF-V600E	Trametinib	MEK inhibitor	0.05000000074505806	191	0.18219042013573788	0.01165100832512077	0.6020942408376964	0.009995002498750625
SK-MEL-2	BRAF-WT (NRAS)	TAK-733	MEK inhibitor	0.5	190	0.18019401916399141	0.012853200206466017	0.6	0.011494252873563218
RPMI-7951	BRAF-V600E	Dabrafenib	RAF inhibitor	0.05000000074505806	187	0.17917782854033557	0.014140230888675191	0.5935828877005348	0.009995002498750625
LOX-IMVI	BRAF-V600E	Vemurafenib	RAF inhibitor	0.05000000074505806	189	0.17899810652435447	0.013723176402135577	0.5661375661375662	0.01199400299850075
RPMI-7951	BRAF-V600E	Binimetinib	MEK inhibitor	0.5	191	0.17637606778726922	0.014657596618470074	0.5549738219895288	0.020989505247376312
LOX-IMVI	BRAF-V600E	Binimetinib	MEK inhibitor	0.5	191	0.16888526836133605	0.01951621195348174	0.5968586387434555	0.022488755622188907
RPMI-7951	BRAF-V600E	Dabrafenib	RAF inhibitor	0.5	190	0.16715618328378531	0.02115947283644211	0.5789473684210527	0.020989505247376312
LOX-IMVI	BRAF-V600E	Encorafenib	RAF inhibitor	5.0	184	0.1660199659322001	0.024302620151352733	0.5815217391304348	0.01999000499750125
SK-MEL-2	BRAF-WT (NRAS)	TAK-733	MEK inhibitor	5.0	182	0.1264293054592123	0.0889985456992648	0.5659340659340659	0.09695152423788106
RPMI-7951	BRAF-V600E	TAK-733	MEK inhibitor	5.0	173	0.1235452374138438	0.10535829455597795	0.5491329479768786	0.08895552223888056
RPMI-7951	BRAF-V600E	Trametinib	MEK inhibitor	0.05000000074505806	191	0.12237982636389456	0.09168684592870846	0.5287958115183246	0.07846076961519241
RPMI-7951	BRAF-V600E	Binimetinib	MEK inhibitor	0.05000000074505806	191	0.11653964246396994	0.10838098946517369	0.5340314136125655	0.11344327836081959
SK-MEL-2	BRAF-WT (NRAS)	TAK-733	MEK inhibitor	0.05000000074505806	192	0.1079751054264787	0.13603007075806267	0.5625	0.1489255372313843
LOX-IMVI	BRAF-V600E	Dabrafenib	RAF inhibitor	5.0	185	0.10718609377303703	0.14644764457454987	0.5621621621621622	0.15642178910544727
SK-MEL-2	BRAF-WT (NRAS)	Vemurafenib	RAF inhibitor	5.0	186	0.10350465688435351	0.15976033123034727	0.5698924731182796	0.15442278860569716
RPMI-7951	BRAF-V600E	TAK-733	MEK inhibitor	0.5	188	0.1005685771394437	0.16968573174951923	0.5585106382978723	0.17341329335332334
RPMI-7951	BRAF-V600E	Vemurafenib	RAF inhibitor	0.05000000074505806	189	0.09400455660631078	0.1982244577866358	0.5185185185185185	0.1969015492253873
RPMI-7951	BRAF-V600E	Encorafenib	RAF inhibitor	0.5	190	0.08798706013471605	0.227371575475754	0.5473684210526316	0.2288855572213893
C32	BRAF-V600E	TAK-733	MEK inhibitor	5.0	186	0.07851116176885645	0.2867961258516235	0.5268817204301075	0.28785607196401797
LOX-IMVI	BRAF-V600E	TAK-733	MEK inhibitor	0.05000000074505806	189	0.06632011439960173	0.36456492635607424	0.5238095238095238	0.37381309345327335
RPMI-7951	BRAF-V600E	Vemurafenib	RAF inhibitor	0.5	191	0.06260161201432901	0.38960358897200353	0.5392670157068062	0.40679660169915044
SK-MEL-2	BRAF-WT (NRAS)	Dabrafenib	RAF inhibitor	5.0	189	0.06060813435020289	0.40741091546484676	0.5714285714285714	0.40679660169915044
RPMI-7951	BRAF-V600E	TAK-733	MEK inhibitor	0.05000000074505806	190	0.05187580808551114	0.47719651088127857	0.531578947368421	0.4657671164417791
C32	BRAF-V600E	Encorafenib	RAF inhibitor	0.5	190	0.043573194393674804	0.5505506320653439	0.5157894736842106	0.5552223888055972
SK-MEL-2	BRAF-WT (NRAS)	Dabrafenib	RAF inhibitor	0.5	191	0.04024354171412165	0.5804346795059343	0.49214659685863876	0.5987006496751625
C32	BRAF-V600E	TAK-733	MEK inhibitor	0.5	190	0.017729314560397506	0.808169509327159	0.5210526315789473	0.823088455772114
C32	BRAF-V600E	Vemurafenib	RAF inhibitor	0.05000000074505806	191	0.0048808232643394855	0.9465722076624856	0.4973821989528796	0.9570214892553723
RPMI-7951	BRAF-V600E	Encorafenib	RAF inhibitor	0.05000000074505806	191	-0.0011383999882891966	0.987529787788695	0.49214659685863876	0.9900049975012494
LOX-IMVI	BRAF-V600E	Trametinib	MEK inhibitor	0.05000000074505806	188	-0.002482364287188944	0.9730290491011394	0.526595744680851	0.9705147426286856
C32	BRAF-V600E	Dabrafenib	RAF inhibitor	0.5	190	-0.02763890529115109	0.7050337109926331	0.4789473684210526	0.7216391804097951
LOX-IMVI	BRAF-V600E	Dabrafenib	RAF inhibitor	0.5	189	-0.03365328214152403	0.6457192604347286	0.4497354497354497	0.6506746626686657
LOX-IMVI	BRAF-V600E	TAK-733	MEK inhibitor	0.5	188	-0.05178372848083018	0.48033676929240704	0.46808510638297873	0.48825587206396803
LOX-IMVI	BRAF-V600E	TAK-733	MEK inhibitor	5.0	185	-0.12479761645917706	0.09054125763939505	0.4540540540540541	0.08995502248875563
C32	BRAF-V600E	TAK-733	MEK inhibitor	0.05000000074505806	190	-0.15840865271956658	0.029042772718316522	0.47368421052631576	0.031984007996002
